Instance,Objective,Lower Bound,Gap(%),Solve Time(s),Truck Served,Drone Served,Jetsuite Served
RV-FSTSP_Niels_instances_restricted_maxradius_uniform-51-n10-maxradius-20.txt,300.042,300.042,0,0.279,8,1,
RV-FSTSP_Niels_instances_restricted_maxradius_uniform-51-n10-maxradius-40.txt,300.042,300.042,0,0.762,8,1,
RV-FSTSP_Niels_instances_restricted_maxradius_uniform-51-n10-maxradius-60.txt,291.817,291.817,0,1.968,7,2,
RV-FSTSP_Niels_instances_restricted_maxradius_uniform-51-n10-maxradius-100.txt,287.226,287.225,0,41.36,5,4,
RV-FSTSP_Niels_instances_restricted_maxradius_uniform-51-n10-maxradius-150.txt,251.687,251.664,0.01,46.729,5,4,
RV-FSTSP_Niels_instances_restricted_maxradius_uniform-51-n10-maxradius-200.txt,250.726,250.708,0.01,41.898,4,5,
RV-FSTSP_Niels_instances_restricted_maxradius_uniform-52-n10-maxradius-20.txt,303.759,303.759,0,0.156,8,1,
RV-FSTSP_Niels_instances_restricted_maxradius_uniform-52-n10-maxradius-40.txt,288.059,288.032,0.01,1.773,7,2,
RV-FSTSP_Niels_instances_restricted_maxradius_uniform-52-n10-maxradius-60.txt,285.65,285.65,0,27.762,7,2,
RV-FSTSP_Niels_instances_restricted_maxradius_uniform-52-n10-maxradius-100.txt,193.909,193.909,0,8.084,5,4,
RV-FSTSP_Niels_instances_restricted_maxradius_uniform-52-n10-maxradius-150.txt,189.547,189.534,0.01,100.578,4,5,
RV-FSTSP_Niels_instances_restricted_maxradius_uniform-52-n10-maxradius-200.txt,189.547,189.528,0.01,23.451,4,5,
RV-FSTSP_Niels_instances_restricted_maxradius_uniform-53-n10-maxradius-20.txt,284.656,284.656,0,0.126,9,0,
RV-FSTSP_Niels_instances_restricted_maxradius_uniform-53-n10-maxradius-40.txt,282.797,282.797,0,0.775,8,1,
RV-FSTSP_Niels_instances_restricted_maxradius_uniform-53-n10-maxradius-60.txt,280.173,280.173,0,1.526,7,2,
RV-FSTSP_Niels_instances_restricted_maxradius_uniform-53-n10-maxradius-100.txt,233.662,233.639,0.01,31.501,5,4,
RV-FSTSP_Niels_instances_restricted_maxradius_uniform-53-n10-maxradius-150.txt,194.249,194.23,0.01,153.073,5,4,
RV-FSTSP_Niels_instances_restricted_maxradius_uniform-53-n10-maxradius-200.txt,192.156,192.137,0.01,176.58,6,3,
RV-FSTSP_Niels_instances_restricted_maxradius_uniform-54-n10-maxradius-20.txt,311.087,311.087,0,0.114,9,0,
RV-FSTSP_Niels_instances_restricted_maxradius_uniform-54-n10-maxradius-40.txt,311.087,311.087,0,0.748,9,0,
RV-FSTSP_Niels_instances_restricted_maxradius_uniform-54-n10-maxradius-60.txt,279.863,279.863,0,19.359,6,3,
RV-FSTSP_Niels_instances_restricted_maxradius_uniform-54-n10-maxradius-100.txt,233.348,233.348,0,49.254,5,4,
RV-FSTSP_Niels_instances_restricted_maxradius_uniform-54-n10-maxradius-150.txt,224.871,224.854,0.01,56.976,5,4,
RV-FSTSP_Niels_instances_restricted_maxradius_uniform-54-n10-maxradius-200.txt,224.871,224.863,0,103.521,5,4,
RV-FSTSP_Niels_instances_restricted_maxradius_uniform-55-n10-maxradius-20.txt,338.061,338.061,0,0.093,9,0,
RV-FSTSP_Niels_instances_restricted_maxradius_uniform-55-n10-maxradius-40.txt,337.84,337.84,0,0.616,8,1,
RV-FSTSP_Niels_instances_restricted_maxradius_uniform-55-n10-maxradius-60.txt,316.816,316.816,0,18.358,8,1,
RV-FSTSP_Niels_instances_restricted_maxradius_uniform-55-n10-maxradius-100.txt,278.837,278.818,0.01,57.74,4,5,
RV-FSTSP_Niels_instances_restricted_maxradius_uniform-55-n10-maxradius-150.txt,253.128,253.111,0.01,39.944,4,5,
RV-FSTSP_Niels_instances_restricted_maxradius_uniform-55-n10-maxradius-200.txt,253.128,253.128,0,77.819,4,5,
RV-FSTSP_Niels_instances_restricted_maxradius_uniform-56-n10-maxradius-20.txt,322.641,322.641,0,0.12,9,0,
RV-FSTSP_Niels_instances_restricted_maxradius_uniform-56-n10-maxradius-40.txt,322.641,322.641,0,0.447,9,0,
RV-FSTSP_Niels_instances_restricted_maxradius_uniform-56-n10-maxradius-60.txt,304.689,304.689,0,14.372,7,2,
RV-FSTSP_Niels_instances_restricted_maxradius_uniform-56-n10-maxradius-100.txt,247.696,247.691,0,52.044,5,4,
RV-FSTSP_Niels_instances_restricted_maxradius_uniform-56-n10-maxradius-150.txt,229.84,229.832,0,48.911,5,4,
RV-FSTSP_Niels_instances_restricted_maxradius_uniform-56-n10-maxradius-200.txt,226.876,226.86,0.01,53.934,5,4,
RV-FSTSP_Niels_instances_restricted_maxradius_uniform-57-n10-maxradius-20.txt,245.766,245.766,0,1.512,7,2,
RV-FSTSP_Niels_instances_restricted_maxradius_uniform-57-n10-maxradius-40.txt,237.308,237.308,0,3.79,6,3,
RV-FSTSP_Niels_instances_restricted_maxradius_uniform-57-n10-maxradius-60.txt,226.809,226.809,0,18.391,5,4,
RV-FSTSP_Niels_instances_restricted_maxradius_uniform-57-n10-maxradius-100.txt,225.316,225.316,0,38.921,5,4,
RV-FSTSP_Niels_instances_restricted_maxradius_uniform-57-n10-maxradius-150.txt,203.725,203.718,0,225.004,4,5,
RV-FSTSP_Niels_instances_restricted_maxradius_uniform-57-n10-maxradius-200.txt,197.471,197.451,0.01,157.658,4,5,
RV-FSTSP_Niels_instances_restricted_maxradius_uniform-58-n10-maxradius-20.txt,299.845,299.845,0,0.434,8,1,
RV-FSTSP_Niels_instances_restricted_maxradius_uniform-58-n10-maxradius-40.txt,295.622,295.608,0,1.291,7,2,
RV-FSTSP_Niels_instances_restricted_maxradius_uniform-58-n10-maxradius-60.txt,275.866,275.853,0,5.588,6,3,
RV-FSTSP_Niels_instances_restricted_maxradius_uniform-58-n10-maxradius-100.txt,252.126,252.114,0,64.976,4,5,
RV-FSTSP_Niels_instances_restricted_maxradius_uniform-58-n10-maxradius-150.txt,221.775,221.775,0,64.247,5,4,
RV-FSTSP_Niels_instances_restricted_maxradius_uniform-58-n10-maxradius-200.txt,213.332,213.327,0,42.06,6,3,
RV-FSTSP_Niels_instances_restricted_maxradius_uniform-59-n10-maxradius-20.txt,348.395,348.395,0,0.472,7,2,
RV-FSTSP_Niels_instances_restricted_maxradius_uniform-59-n10-maxradius-40.txt,334.333,334.3,0.01,2.294,7,2,
RV-FSTSP_Niels_instances_restricted_maxradius_uniform-59-n10-maxradius-60.txt,332.892,332.875,0.01,4.104,6,3,
RV-FSTSP_Niels_instances_restricted_maxradius_uniform-59-n10-maxradius-100.txt,301.739,301.714,0.01,52.513,5,4,
RV-FSTSP_Niels_instances_restricted_maxradius_uniform-59-n10-maxradius-150.txt,204.033,204.025,0,43.291,6,3,
RV-FSTSP_Niels_instances_restricted_maxradius_uniform-59-n10-maxradius-200.txt,204.033,204.033,0,92.082,6,3,
RV-FSTSP_Niels_instances_restricted_maxradius_uniform-60-n10-maxradius-20.txt,280.236,280.236,0,0.159,9,0,
RV-FSTSP_Niels_instances_restricted_maxradius_uniform-60-n10-maxradius-40.txt,275.797,275.797,0,1.907,8,1,
RV-FSTSP_Niels_instances_restricted_maxradius_uniform-60-n10-maxradius-60.txt,270.498,270.498,0,24.371,7,2,
RV-FSTSP_Niels_instances_restricted_maxradius_uniform-60-n10-maxradius-100.txt,244.052,244.037,0.01,41.705,5,4,
RV-FSTSP_Niels_instances_restricted_maxradius_uniform-60-n10-maxradius-150.txt,225.935,225.935,0,34.602,5,4,
RV-FSTSP_Niels_instances_restricted_maxradius_uniform-60-n10-maxradius-200.txt,225.935,225.914,0.01,56.392,5,4,
RV-FSTSP_Niels_instances_restricted_maxradius_uniform-alpha_1-51-n10-maxradius-20.txt,301.184,301.184,0,0.568,9,0,
RV-FSTSP_Niels_instances_restricted_maxradius_uniform-alpha_1-51-n10-maxradius-40.txt,301.184,301.184,0,0.71,7,2,
RV-FSTSP_Niels_instances_restricted_maxradius_uniform-alpha_1-51-n10-maxradius-60.txt,301.184,301.184,0,3.751,6,3,
RV-FSTSP_Niels_instances_restricted_maxradius_uniform-alpha_1-51-n10-maxradius-100.txt,288.209,288.209,0,77.839,7,2,
RV-FSTSP_Niels_instances_restricted_maxradius_uniform-alpha_1-51-n10-maxradius-150.txt,284.812,284.789,0.01,90.933,7,2,
RV-FSTSP_Niels_instances_restricted_maxradius_uniform-alpha_1-51-n10-maxradius-200.txt,282.778,282.75,0.01,81.851,7,2,
RV-FSTSP_Niels_instances_restricted_maxradius_uniform-alpha_1-52-n10-maxradius-20.txt,303.873,303.873,0,0.284,9,0,
RV-FSTSP_Niels_instances_restricted_maxradius_uniform-alpha_1-52-n10-maxradius-40.txt,303.873,303.873,0,2.81,8,1,
RV-FSTSP_Niels_instances_restricted_maxradius_uniform-alpha_1-52-n10-maxradius-60.txt,291.725,291.725,0,43.197,6,3,
RV-FSTSP_Niels_instances_restricted_maxradius_uniform-alpha_1-52-n10-maxradius-100.txt,253.126,253.126,0,197.456,7,2,
RV-FSTSP_Niels_instances_restricted_maxradius_uniform-alpha_1-52-n10-maxradius-150.txt,244.062,244.04,0.01,172.007,8,1,
RV-FSTSP_Niels_instances_restricted_maxradius_uniform-alpha_1-52-n10-maxradius-200.txt,244.062,244.039,0.01,317.772,8,1,
RV-FSTSP_Niels_instances_restricted_maxradius_uniform-alpha_1-53-n10-maxradius-20.txt,284.656,284.656,0,0.202,9,0,
RV-FSTSP_Niels_instances_restricted_maxradius_uniform-alpha_1-53-n10-maxradius-40.txt,284.551,284.551,0,1.419,8,1,
RV-FSTSP_Niels_instances_restricted_maxradius_uniform-alpha_1-53-n10-maxradius-60.txt,284.381,284.381,0,2.637,8,1,
RV-FSTSP_Niels_instances_restricted_maxradius_uniform-alpha_1-53-n10-maxradius-100.txt,276.197,276.197,0,223.564,7,2,
RV-FSTSP_Niels_instances_restricted_maxradius_uniform-alpha_1-53-n10-maxradius-150.txt,247.009,246.992,0.01,430.018,7,2,
RV-FSTSP_Niels_instances_restricted_maxradius_uniform-alpha_1-53-n10-maxradius-200.txt,247.009,246.989,0.01,343.939,7,2,
RV-FSTSP_Niels_instances_restricted_maxradius_uniform-alpha_1-54-n10-maxradius-20.txt,311.087,311.087,0,0.166,9,0,
RV-FSTSP_Niels_instances_restricted_maxradius_uniform-alpha_1-54-n10-maxradius-40.txt,311.087,311.087,0,1.353,9,0,
RV-FSTSP_Niels_instances_restricted_maxradius_uniform-alpha_1-54-n10-maxradius-60.txt,308.169,308.169,0,26.994,8,1,
RV-FSTSP_Niels_instances_restricted_maxradius_uniform-alpha_1-54-n10-maxradius-100.txt,275.785,275.773,0,179.854,7,2,
RV-FSTSP_Niels_instances_restricted_maxradius_uniform-alpha_1-54-n10-maxradius-150.txt,270.405,270.389,0.01,138.627,7,2,
RV-FSTSP_Niels_instances_restricted_maxradius_uniform-alpha_1-54-n10-maxradius-200.txt,270.405,270.38,0.01,102.27,7,2,
RV-FSTSP_Niels_instances_restricted_maxradius_uniform-alpha_1-55-n10-maxradius-20.txt,338.061,338.061,0,0.157,9,0,
RV-FSTSP_Niels_instances_restricted_maxradius_uniform-alpha_1-55-n10-maxradius-40.txt,338.061,338.061,0,0.664,9,0,
RV-FSTSP_Niels_instances_restricted_maxradius_uniform-alpha_1-55-n10-maxradius-60.txt,332.847,332.847,0,21.885,7,2,
RV-FSTSP_Niels_instances_restricted_maxradius_uniform-alpha_1-55-n10-maxradius-100.txt,317.926,317.903,0.01,208.111,7,2,
RV-FSTSP_Niels_instances_restricted_maxradius_uniform-alpha_1-55-n10-maxradius-150.txt,297.668,297.638,0.01,113.56,7,2,
RV-FSTSP_Niels_instances_restricted_maxradius_uniform-alpha_1-55-n10-maxradius-200.txt,297.668,297.638,0.01,85.863,7,2,
RV-FSTSP_Niels_instances_restricted_maxradius_uniform-alpha_1-56-n10-maxradius-20.txt,322.641,322.641,0,0.172,9,0,
RV-FSTSP_Niels_instances_restricted_maxradius_uniform-alpha_1-56-n10-maxradius-40.txt,322.641,322.641,0,0.52,8,1,
RV-FSTSP_Niels_instances_restricted_maxradius_uniform-alpha_1-56-n10-maxradius-60.txt,322.591,322.566,0.01,19.118,7,2,
RV-FSTSP_Niels_instances_restricted_maxradius_uniform-alpha_1-56-n10-maxradius-100.txt,290.918,290.906,0,120.349,6,3,
RV-FSTSP_Niels_instances_restricted_maxradius_uniform-alpha_1-56-n10-maxradius-150.txt,261.517,261.492,0.01,119.274,7,2,
RV-FSTSP_Niels_instances_restricted_maxradius_uniform-alpha_1-56-n10-maxradius-200.txt,261.517,261.496,0.01,176.207,7,2,
RV-FSTSP_Niels_instances_restricted_maxradius_uniform-alpha_1-57-n10-maxradius-20.txt,255.624,255.615,0,2.201,9,0,
RV-FSTSP_Niels_instances_restricted_maxradius_uniform-alpha_1-57-n10-maxradius-40.txt,254.078,254.078,0,23.008,7,2,
RV-FSTSP_Niels_instances_restricted_maxradius_uniform-alpha_1-57-n10-maxradius-60.txt,253.882,253.864,0.01,39.115,7,2,
RV-FSTSP_Niels_instances_restricted_maxradius_uniform-alpha_1-57-n10-maxradius-100.txt,246.053,246.029,0.01,195.835,7,2,
RV-FSTSP_Niels_instances_restricted_maxradius_uniform-alpha_1-57-n10-maxradius-150.txt,232.567,232.543,0.01,202.952,7,2,
RV-FSTSP_Niels_instances_restricted_maxradius_uniform-alpha_1-57-n10-maxradius-200.txt,232.567,232.543,0.01,320.256,7,2,
RV-FSTSP_Niels_instances_restricted_maxradius_uniform-alpha_1-58-n10-maxradius-20.txt,302.874,302.874,0,0.695,9,0,
RV-FSTSP_Niels_instances_restricted_maxradius_uniform-alpha_1-58-n10-maxradius-40.txt,302.874,302.871,0,2.02,9,0,
RV-FSTSP_Niels_instances_restricted_maxradius_uniform-alpha_1-58-n10-maxradius-60.txt,301.894,301.894,0,29.796,6,3,
RV-FSTSP_Niels_instances_restricted_maxradius_uniform-alpha_1-58-n10-maxradius-100.txt,289.769,289.769,0,254.41,7,2,
RV-FSTSP_Niels_instances_restricted_maxradius_uniform-alpha_1-58-n10-maxradius-150.txt,273.649,273.627,0.01,192.123,7,2,
RV-FSTSP_Niels_instances_restricted_maxradius_uniform-alpha_1-58-n10-maxradius-200.txt,273.649,273.622,0.01,254.533,7,2,
RV-FSTSP_Niels_instances_restricted_maxradius_uniform-alpha_1-59-n10-maxradius-20.txt,351.94,351.94,0,0.803,9,0,
RV-FSTSP_Niels_instances_restricted_maxradius_uniform-alpha_1-59-n10-maxradius-40.txt,350.499,350.499,0,4.369,8,1,
RV-FSTSP_Niels_instances_restricted_maxradius_uniform-alpha_1-59-n10-maxradius-60.txt,342.106,342.091,0,7.47,7,2,
RV-FSTSP_Niels_instances_restricted_maxradius_uniform-alpha_1-59-n10-maxradius-100.txt,324.184,324.161,0.01,96.74,7,2,
RV-FSTSP_Niels_instances_restricted_maxradius_uniform-alpha_1-59-n10-maxradius-150.txt,274.938,274.918,0.01,242.794,7,2,
RV-FSTSP_Niels_instances_restricted_maxradius_uniform-alpha_1-59-n10-maxradius-200.txt,274.938,274.912,0.01,430.27,7,2,
RV-FSTSP_Niels_instances_restricted_maxradius_uniform-alpha_1-60-n10-maxradius-20.txt,280.236,280.236,0,0.273,9,0,
RV-FSTSP_Niels_instances_restricted_maxradius_uniform-alpha_1-60-n10-maxradius-40.txt,280.236,280.227,0,3.342,7,2,
RV-FSTSP_Niels_instances_restricted_maxradius_uniform-alpha_1-60-n10-maxradius-60.txt,271.655,271.655,0,43.283,8,1,
RV-FSTSP_Niels_instances_restricted_maxradius_uniform-alpha_1-60-n10-maxradius-100.txt,269.745,269.729,0.01,114.752,6,3,
RV-FSTSP_Niels_instances_restricted_maxradius_uniform-alpha_1-60-n10-maxradius-150.txt,267.454,267.454,0,57.733,7,2,
RV-FSTSP_Niels_instances_restricted_maxradius_uniform-alpha_1-60-n10-maxradius-200.txt,267.454,267.436,0.01,83.51,7,2,
RV-FSTSP_Niels_instances_restricted_maxradius_uniform-alpha_3-51-n10-maxradius-20.txt,298.988,298.988,0,0.338,8,1,
RV-FSTSP_Niels_instances_restricted_maxradius_uniform-alpha_3-51-n10-maxradius-40.txt,298.988,298.988,0,1.471,8,1,
RV-FSTSP_Niels_instances_restricted_maxradius_uniform-alpha_3-51-n10-maxradius-60.txt,298.224,298.224,0,2.865,7,2,
RV-FSTSP_Niels_instances_restricted_maxradius_uniform-alpha_3-51-n10-maxradius-100.txt,281.207,281.204,0,55.215,6,3,
RV-FSTSP_Niels_instances_restricted_maxradius_uniform-alpha_3-51-n10-maxradius-150.txt,264.077,264.052,0.01,65.303,5,4,
RV-FSTSP_Niels_instances_restricted_maxradius_uniform-alpha_3-51-n10-maxradius-200.txt,235.754,235.74,0.01,54.545,4,5,
RV-FSTSP_Niels_instances_restricted_maxradius_uniform-alpha_3-52-n10-maxradius-20.txt,303.013,303.013,0,0.238,8,1,
RV-FSTSP_Niels_instances_restricted_maxradius_uniform-alpha_3-52-n10-maxradius-40.txt,295.909,295.909,0,2.564,7,2,
RV-FSTSP_Niels_instances_restricted_maxradius_uniform-alpha_3-52-n10-maxradius-60.txt,279.947,279.947,0,29.263,7,2,
RV-FSTSP_Niels_instances_restricted_maxradius_uniform-alpha_3-52-n10-maxradius-100.txt,215.951,215.951,0,43.319,5,4,
RV-FSTSP_Niels_instances_restricted_maxradius_uniform-alpha_3-52-n10-maxradius-150.txt,179.567,179.555,0.01,45.367,5,4,
RV-FSTSP_Niels_instances_restricted_maxradius_uniform-alpha_3-52-n10-maxradius-200.txt,179.073,179.068,0,42.154,5,4,
RV-FSTSP_Niels_instances_restricted_maxradius_uniform-alpha_3-53-n10-maxradius-20.txt,284.656,284.656,0,0.191,9,0,
RV-FSTSP_Niels_instances_restricted_maxradius_uniform-alpha_3-53-n10-maxradius-40.txt,284.656,284.656,0,1.387,9,0,
RV-FSTSP_Niels_instances_restricted_maxradius_uniform-alpha_3-53-n10-maxradius-60.txt,278.419,278.419,0,1.773,7,2,
RV-FSTSP_Niels_instances_restricted_maxradius_uniform-alpha_3-53-n10-maxradius-100.txt,236.342,236.336,0,46.372,5,4,
RV-FSTSP_Niels_instances_restricted_maxradius_uniform-alpha_3-53-n10-maxradius-150.txt,150.343,150.328,0.01,65.597,5,4,
RV-FSTSP_Niels_instances_restricted_maxradius_uniform-alpha_3-53-n10-maxradius-200.txt,148.524,148.522,0,126.802,6,3,
RV-FSTSP_Niels_instances_restricted_maxradius_uniform-alpha_3-54-n10-maxradius-20.txt,311.087,311.087,0,0.181,9,0,
RV-FSTSP_Niels_instances_restricted_maxradius_uniform-alpha_3-54-n10-maxradius-40.txt,307.24,307.24,0,1.176,7,2,
RV-FSTSP_Niels_instances_restricted_maxradius_uniform-alpha_3-54-n10-maxradius-60.txt,259.182,259.171,0,7.788,6,3,
RV-FSTSP_Niels_instances_restricted_maxradius_uniform-alpha_3-54-n10-maxradius-100.txt,246.425,246.425,0,72.169,5,4,
RV-FSTSP_Niels_instances_restricted_maxradius_uniform-alpha_3-54-n10-maxradius-150.txt,194.59,194.59,0,36.327,4,5,
RV-FSTSP_Niels_instances_restricted_maxradius_uniform-alpha_3-54-n10-maxradius-200.txt,194.59,194.573,0.01,53.892,4,5,
RV-FSTSP_Niels_instances_restricted_maxradius_uniform-alpha_3-55-n10-maxradius-20.txt,338.061,338.061,0,0.156,9,0,
RV-FSTSP_Niels_instances_restricted_maxradius_uniform-alpha_3-55-n10-maxradius-40.txt,330.832,330.832,0,0.897,8,1,
RV-FSTSP_Niels_instances_restricted_maxradius_uniform-alpha_3-55-n10-maxradius-60.txt,306.815,306.815,0,17.941,6,3,
RV-FSTSP_Niels_instances_restricted_maxradius_uniform-alpha_3-55-n10-maxradius-100.txt,283.755,283.73,0.01,59.228,5,4,
RV-FSTSP_Niels_instances_restricted_maxradius_uniform-alpha_3-55-n10-maxradius-150.txt,236.658,236.64,0.01,40.708,4,5,
RV-FSTSP_Niels_instances_restricted_maxradius_uniform-alpha_3-55-n10-maxradius-200.txt,232.846,232.842,0,41.505,4,5,
RV-FSTSP_Niels_instances_restricted_maxradius_uniform-alpha_3-56-n10-maxradius-20.txt,322.641,322.641,0,0.17,9,0,
RV-FSTSP_Niels_instances_restricted_maxradius_uniform-alpha_3-56-n10-maxradius-40.txt,320.632,320.627,0,0.877,8,1,
RV-FSTSP_Niels_instances_restricted_maxradius_uniform-alpha_3-56-n10-maxradius-60.txt,303.285,303.285,0,6.755,7,2,
RV-FSTSP_Niels_instances_restricted_maxradius_uniform-alpha_3-56-n10-maxradius-100.txt,229.186,229.186,0,55.81,4,5,
RV-FSTSP_Niels_instances_restricted_maxradius_uniform-alpha_3-56-n10-maxradius-150.txt,190.326,190.317,0,21.705,4,5,
RV-FSTSP_Niels_instances_restricted_maxradius_uniform-alpha_3-56-n10-maxradius-200.txt,190.019,190.01,0,32.732,4,5,
RV-FSTSP_Niels_instances_restricted_maxradius_uniform-alpha_3-57-n10-maxradius-20.txt,244.592,244.579,0.01,1.521,7,2,
RV-FSTSP_Niels_instances_restricted_maxradius_uniform-alpha_3-57-n10-maxradius-40.txt,236.733,236.733,0,4.778,7,2,
RV-FSTSP_Niels_instances_restricted_maxradius_uniform-alpha_3-57-n10-maxradius-60.txt,234.025,234.025,0,21.207,6,3,
RV-FSTSP_Niels_instances_restricted_maxradius_uniform-alpha_3-57-n10-maxradius-100.txt,219.31,219.31,0,52.789,5,4,
RV-FSTSP_Niels_instances_restricted_maxradius_uniform-alpha_3-57-n10-maxradius-150.txt,219.31,219.3,0,307.149,5,4,
RV-FSTSP_Niels_instances_restricted_maxradius_uniform-alpha_3-57-n10-maxradius-200.txt,184.429,184.429,0,142.821,4,5,
RV-FSTSP_Niels_instances_restricted_maxradius_uniform-alpha_3-58-n10-maxradius-20.txt,297.242,297.242,0,0.548,8,1,
RV-FSTSP_Niels_instances_restricted_maxradius_uniform-alpha_3-58-n10-maxradius-40.txt,286.65,286.65,0,1.653,7,2,
RV-FSTSP_Niels_instances_restricted_maxradius_uniform-alpha_3-58-n10-maxradius-60.txt,282.268,282.245,0.01,18.944,7,2,
RV-FSTSP_Niels_instances_restricted_maxradius_uniform-alpha_3-58-n10-maxradius-100.txt,257.883,257.883,0,80.216,4,5,
RV-FSTSP_Niels_instances_restricted_maxradius_uniform-alpha_3-58-n10-maxradius-150.txt,189.961,189.961,0,24.965,4,5,
RV-FSTSP_Niels_instances_restricted_maxradius_uniform-alpha_3-58-n10-maxradius-200.txt,185.636,185.636,0,29.805,4,5,
RV-FSTSP_Niels_instances_restricted_maxradius_uniform-alpha_3-59-n10-maxradius-20.txt,343.708,343.708,0,0.665,7,2,
RV-FSTSP_Niels_instances_restricted_maxradius_uniform-alpha_3-59-n10-maxradius-40.txt,339.708,339.702,0,2.879,7,2,
RV-FSTSP_Niels_instances_restricted_maxradius_uniform-alpha_3-59-n10-maxradius-60.txt,334.333,334.312,0.01,6.964,7,2,
RV-FSTSP_Niels_instances_restricted_maxradius_uniform-alpha_3-59-n10-maxradius-100.txt,286.506,286.506,0,32.428,4,5,
RV-FSTSP_Niels_instances_restricted_maxradius_uniform-alpha_3-59-n10-maxradius-150.txt,189.789,189.781,0,68.109,4,5,
RV-FSTSP_Niels_instances_restricted_maxradius_uniform-alpha_3-59-n10-maxradius-200.txt,189.789,189.775,0.01,46.892,4,5,
RV-FSTSP_Niels_instances_restricted_maxradius_uniform-alpha_3-60-n10-maxradius-20.txt,277.617,277.617,0,0.28,8,1,
RV-FSTSP_Niels_instances_restricted_maxradius_uniform-alpha_3-60-n10-maxradius-40.txt,277.617,277.617,0,2.88,8,1,
RV-FSTSP_Niels_instances_restricted_maxradius_uniform-alpha_3-60-n10-maxradius-60.txt,263.909,263.909,0,35.355,6,3,
RV-FSTSP_Niels_instances_restricted_maxradius_uniform-alpha_3-60-n10-maxradius-100.txt,260.045,260.02,0.01,95.943,6,3,
RV-FSTSP_Niels_instances_restricted_maxradius_uniform-alpha_3-60-n10-maxradius-150.txt,214.579,214.569,0,43.236,3,6,
RV-FSTSP_Niels_instances_restricted_maxradius_uniform-alpha_3-60-n10-maxradius-200.txt,203.254,203.254,0,44.757,4,5,
